5f9da187736122db93a83561,type,https://res.cloudinary.com/djejqfi6y/image/upload/v1603696601/product-4736_muskmelon__kundan-500x500_osrfdb.jpg,Product Name,product_desctiption,UOM,Is veg,Harvest Price,MRP
5f9da187736122db93a83561,product,https://res.cloudinary.com/djejqfi6y/image/upload/v1603696601/product-4736_muskmelon__kundan-500x500_osrfdb.jpg,"Britannia Milk Bikis, 200g",-,200gms,TRUE,27,27
5f9da187736122db93a83561,product,https://res.cloudinary.com/djejqfi6y/image/upload/v1603696601/product-4736_muskmelon__kundan-500x500_osrfdb.jpg,"Britannia Milk Bikis, Milky Sandwich, 100g Pack",-,100g,TRUE,20,20
5f9da187736122db93a83561,product,https://res.cloudinary.com/djejqfi6y/image/upload/v1603696601/product-4736_muskmelon__kundan-500x500_osrfdb.jpg,"Britannia Good Day Cashew Cookies, 200g",-,200gms,TRUE,40,40
5f9da187736122db93a83561,product,https://res.cloudinary.com/djejqfi6y/image/upload/v1603696601/product-4736_muskmelon__kundan-500x500_osrfdb.jpg,"Britannia Good Day Cashew Cookies, 100g",-,100g,TRUE,20,20
5f9da187736122db93a83561,product,https://res.cloudinary.com/djejqfi6y/image/upload/v1603696601/product-4736_muskmelon__kundan-500x500_osrfdb.jpg,"Britannia Nice Time, 150g",-,150g,TRUE,25,25
5f9da187736122db93a83561,product,https://res.cloudinary.com/djejqfi6y/image/upload/v1603696601/product-4736_muskmelon__kundan-500x500_osrfdb.jpg,"Britannia Bourbon, 120g",-,120g,TRUE,20,20
5f9da187736122db93a83561,product,https://res.cloudinary.com/djejqfi6y/image/upload/v1603696601/product-4736_muskmelon__kundan-500x500_osrfdb.jpg,"Britannia Toastea, Milk Rusk 182g",-,1PC,TRUE,30,30
5f9da187736122db93a83561,product,https://res.cloudinary.com/djejqfi6y/image/upload/v1603696601/product-4736_muskmelon__kundan-500x500_osrfdb.jpg,Britannia Toastea Premium Bake Rusk 273 g,-,1PC,TRUE,40,40
5f9da187736122db93a83561,product,https://res.cloudinary.com/djejqfi6y/image/upload/v1603696601/product-4736_muskmelon__kundan-500x500_osrfdb.jpg,"Britannia Milk Bikis, 300g",-,1PC,TRUE,35,35
5f9da187736122db93a83561,product,https://res.cloudinary.com/djejqfi6y/image/upload/v1603696601/product-4736_muskmelon__kundan-500x500_osrfdb.jpg,"Britannia Milk Bikis, 150g",-,1PC,TRUE,25,25
5f9da187736122db93a83561,product,https://res.cloudinary.com/djejqfi6y/image/upload/v1603696601/product-4736_muskmelon__kundan-500x500_osrfdb.jpg,"Britannia Tiger Krunch, ChocoChip, 80g",-,1PC,TRUE,10,10
5f9da187736122db93a83561,product,https://res.cloudinary.com/djejqfi6y/image/upload/v1603696601/product-4736_muskmelon__kundan-500x500_osrfdb.jpg,"Britannia 50-50 Sweet & Salty Biscuits, 150g",-,1PC,TRUE,20,20
5f9da187736122db93a83561,product,https://res.cloudinary.com/djejqfi6y/image/upload/v1603696601/product-4736_muskmelon__kundan-500x500_osrfdb.jpg,"Britannia 50-50 Maska Chaska, 120g",-,1PC,TRUE,30,30
5f9da187736122db93a83561,product,https://res.cloudinary.com/djejqfi6y/image/upload/v1603696601/product-4736_muskmelon__kundan-500x500_osrfdb.jpg,"Britannia Good Day Butter Cookies, 200g ",-,1PC,TRUE,30,30
5f9da187736122db93a83561,product,https://res.cloudinary.com/djejqfi6y/image/upload/v1603696601/product-4736_muskmelon__kundan-500x500_osrfdb.jpg,"Britannia Marie Gold, 250g",-,1PC,TRUE,30,30
5f9da187736122db93a83561,product,https://res.cloudinary.com/djejqfi6y/image/upload/v1603696601/product-4736_muskmelon__kundan-500x500_osrfdb.jpg,"Britannia Marie Gold, 120g",-,1PC,TRUE,15,15
5f9da187736122db93a83561,product,https://res.cloudinary.com/djejqfi6y/image/upload/v1603696601/product-4736_muskmelon__kundan-500x500_osrfdb.jpg,"Britannia Treat, Jim Jam, 100g",-,1PC,TRUE,25,25
5f9da187736122db93a83561,product,https://res.cloudinary.com/djejqfi6y/image/upload/v1603696601/product-4736_muskmelon__kundan-500x500_osrfdb.jpg,"Britannia Treat, Jim Jam, 62g",-,1PC,TRUE,10,10
5f9da187736122db93a83561,product,https://res.cloudinary.com/djejqfi6y/image/upload/v1603696601/product-4736_muskmelon__kundan-500x500_osrfdb.jpg,"Britannia Good Day Cookies - Cashew, 600g Pouch",-,1PC,TRUE,120,120
5f9da187736122db93a83561,product,https://res.cloudinary.com/djejqfi6y/image/upload/v1603696601/product-4736_muskmelon__kundan-500x500_osrfdb.jpg,"Britannia Nutrichoice Ragi Cookies, 150g",-,1PC,TRUE,65,65
5f9da187736122db93a83561,product,https://res.cloudinary.com/djejqfi6y/image/upload/v1603696601/product-4736_muskmelon__kundan-500x500_osrfdb.jpg,"Britannia Nutrichoice Oats Cookies, 150g",-,1PC,TRUE,65,65
5f9da187736122db93a83561,product,https://res.cloudinary.com/djejqfi6y/image/upload/v1603696601/product-4736_muskmelon__kundan-500x500_osrfdb.jpg,"Britannia NutriChoice Hi-Fiber Digestive, 250g",-,1PC,TRUE,55,55
5f9da187736122db93a83561,product,https://res.cloudinary.com/djejqfi6y/image/upload/v1603696601/product-4736_muskmelon__kundan-500x500_osrfdb.jpg,"Britannia NutriChoice Hi-Fiber Digestive, 100g",-,1PC,TRUE,20,20
5f9da187736122db93a83561,product,https://res.cloudinary.com/djejqfi6y/image/upload/v1603696601/product-4736_muskmelon__kundan-500x500_osrfdb.jpg,Britannia Cake Orange  (55 g),-,PC,TRUE,15,15
5f9da187736122db93a83561,product,https://res.cloudinary.com/djejqfi6y/image/upload/v1603696601/product-4736_muskmelon__kundan-500x500_osrfdb.jpg,Britannia Cake Pineapple  (55 g),-,PC,TRUE,15,15
5f9da187736122db93a83561,product,https://res.cloudinary.com/djejqfi6y/image/upload/v1603696601/product-4736_muskmelon__kundan-500x500_osrfdb.jpg,Britannia Cake Choco Chill  (120 g),-,1pc,TRUE,30,30
5f9da187736122db93a83561,product,https://res.cloudinary.com/djejqfi6y/image/upload/v1603696601/product-4736_muskmelon__kundan-500x500_osrfdb.jpg,Britannia Cake Milk  (55 g),-,PC,TRUE,15,15
5f9da187736122db93a83561,product,https://res.cloudinary.com/djejqfi6y/image/upload/v1603696601/product-4736_muskmelon__kundan-500x500_osrfdb.jpg,"Britannia Nutri Choice Cookies - Thin Arrowroot, 150 g Pouch",-,150g,TRUE,22,22
5f9da187736122db93a83561,product,https://res.cloudinary.com/djejqfi6y/image/upload/v1603696601/product-4736_muskmelon__kundan-500x500_osrfdb.jpg,"Britannia Cake - Nuts and Raisin Romance, 160g",-,1PC,TRUE,60,60
5f9da187736122db93a83561,product,https://res.cloudinary.com/djejqfi6y/image/upload/v1603696601/product-4736_muskmelon__kundan-500x500_osrfdb.jpg,"Britannia Little Heart, 75g",-,1PC,TRUE,20,20
5f9da187736122db93a83561,product,https://res.cloudinary.com/djejqfi6y/image/upload/v1603696601/product-4736_muskmelon__kundan-500x500_osrfdb.jpg,"Parle Biscuits - Krack Jack, 200g Pouch",-,1PC,TRUE,30,30
5f9da187736122db93a83561,product,https://res.cloudinary.com/djejqfi6y/image/upload/v1603696601/product-4736_muskmelon__kundan-500x500_osrfdb.jpg,"Dukes Waffy Biscuits Mango, 75 g",-,1PC,TRUE,22,45
5f9da187736122db93a83561,product,https://res.cloudinary.com/djejqfi6y/image/upload/v1603696601/product-4736_muskmelon__kundan-500x500_osrfdb.jpg,"Dukes Waffy Biscuits Orange, 75 g",-,1PC,TRUE,22,45
5f9da187736122db93a83561,product,https://res.cloudinary.com/djejqfi6y/image/upload/v1603696601/product-4736_muskmelon__kundan-500x500_osrfdb.jpg,"Dukes Waffy Biscuits Pineapple, 75 g",-,1PC,TRUE,22,45
5f9da187736122db93a83561,product,https://res.cloudinary.com/djejqfi6y/image/upload/v1603696601/product-4736_muskmelon__kundan-500x500_osrfdb.jpg,"Dukes Waffy Biscuits Vanila, 75 g",-,1PC,TRUE,22,45
5f9da187736122db93a83561,product,https://res.cloudinary.com/djejqfi6y/image/upload/v1603696601/product-4736_muskmelon__kundan-500x500_osrfdb.jpg,"Dukes Waffy Biscuits  Strawberry, 75 g",-,1PC,TRUE,22,45
5f9da187736122db93a83561,product,https://res.cloudinary.com/djejqfi6y/image/upload/v1603696601/product-4736_muskmelon__kundan-500x500_osrfdb.jpg,"Bauli Moonfils - Choco, 45g",-,1pc,TRUE,15,15
5f9da187736122db93a83561,product,https://res.cloudinary.com/djejqfi6y/image/upload/v1603696601/product-4736_muskmelon__kundan-500x500_osrfdb.jpg,"Bauli Moonfils - Vanila, 45g",-,1pc,TRUE,15,15
5f9da187736122db93a83561,product,https://res.cloudinary.com/djejqfi6y/image/upload/v1603696601/product-4736_muskmelon__kundan-500x500_osrfdb.jpg,"Bauli Moonfils - Strawberry, 45g",-,1pc,TRUE,15,15
5f9da187736122db93a83561,product,https://res.cloudinary.com/djejqfi6y/image/upload/v1603696601/product-4736_muskmelon__kundan-500x500_osrfdb.jpg,"Lotte Chocopie, 112g",-,1PC,TRUE,50,50
5f9da187736122db93a83561,product,https://res.cloudinary.com/djejqfi6y/image/upload/v1603696601/product-4736_muskmelon__kundan-500x500_osrfdb.jpg,"Lotte Chocopie, 168g",-,1PC,TRUE,70,70
5f9da187736122db93a83561,product,https://res.cloudinary.com/djejqfi6y/image/upload/v1603696601/product-4736_muskmelon__kundan-500x500_osrfdb.jpg,"Lotte Chocopie,Cocoa pie 112g",-,1PC,TRUE,60,60
5f9da187736122db93a83561,type,https://res.cloudinary.com/djejqfi6y/image/upload/v1603696601/product-4736_muskmelon__kundan-500x500_osrfdb.jpg,"Lotte Choco Pie, 450g",product_desctiption,1PC,Is veg,180,180
5f9da187736122db93a83561,product,https://res.cloudinary.com/djejqfi6y/image/upload/v1603696601/product-4736_muskmelon__kundan-500x500_osrfdb.jpg,"Lotte Chocopie,Cocoa pie 450g",-,1PC,TRUE,216,216
5f9da187736122db93a83561,product,https://res.cloudinary.com/djejqfi6y/image/upload/v1603696601/product-4736_muskmelon__kundan-500x500_osrfdb.jpg,Unibic Sugar Free Cashew Cookies  75g,-,1PC,TRUE,40,40
5f9da187736122db93a83561,product,https://res.cloudinary.com/djejqfi6y/image/upload/v1603696601/product-4736_muskmelon__kundan-500x500_osrfdb.jpg,"Sunfeast Dark Fantasy Choco Fills, 75 g",-,1PC,TRUE,30,30
5f9da187736122db93a83561,product,https://res.cloudinary.com/djejqfi6y/image/upload/v1603696601/product-4736_muskmelon__kundan-500x500_osrfdb.jpg,"Cadbury Oreo Dipped Cookies, 150g",-,1PC,TRUE,65,65
5f9da187736122db93a83561,product,https://res.cloudinary.com/djejqfi6y/image/upload/v1603696601/product-4736_muskmelon__kundan-500x500_osrfdb.jpg,"Cadbury Bournvita Biscuits Pro Health Vitamins Chocolate, 120g",-,1PC,TRUE,30,30
5f9da187736122db93a83561,product,https://res.cloudinary.com/djejqfi6y/image/upload/v1603696601/product-4736_muskmelon__kundan-500x500_osrfdb.jpg,"Parle Milano Choco Delight Centre Filled Cookies, 75g",-,1PC,TRUE,35,35
5f9da187736122db93a83561,product,https://res.cloudinary.com/djejqfi6y/image/upload/v1603696601/product-4736_muskmelon__kundan-500x500_osrfdb.jpg,"Britannia 50-50 Jeera , 76g",-,1PC,TRUE,10,10
5f9da187736122db93a83561,product,https://res.cloudinary.com/djejqfi6y/image/upload/v1603696601/product-4736_muskmelon__kundan-500x500_osrfdb.jpg,GONE MAD Sugar Cheese Cracker 110g,-,1PC,TRUE,60,60
5f9da187736122db93a83561,product,https://res.cloudinary.com/djejqfi6y/image/upload/v1603696601/product-4736_muskmelon__kundan-500x500_osrfdb.jpg,"Cadbury Chocobakes Choc Filled Cookies, 75g",-,1PC,TRUE,30,30
5f9da187736122db93a83561,product,https://res.cloudinary.com/djejqfi6y/image/upload/v1603696601/product-4736_muskmelon__kundan-500x500_osrfdb.jpg,"Dukes Waffy  Strawberry Roll , Choco Rol 250g",-,1PC,TRUE,75,150
5f9da187736122db93a83561,product,https://res.cloudinary.com/djejqfi6y/image/upload/v1603696601/product-4736_muskmelon__kundan-500x500_osrfdb.jpg,"Cadbury Dairy Milk Silk Hazelnut Chocolate Bar, 143 g",-,1PC,TRUE,175,175
5f9da187736122db93a83561,product,https://res.cloudinary.com/djejqfi6y/image/upload/v1603696601/product-4736_muskmelon__kundan-500x500_osrfdb.jpg,Tic Tac Orange,-,1PC,TRUE,10,10
5f9da187736122db93a83561,product,https://res.cloudinary.com/djejqfi6y/image/upload/v1603696601/product-4736_muskmelon__kundan-500x500_osrfdb.jpg,Wrigleys Double mint Pepermint,-,1PC,TRUE,10,10
5f9da187736122db93a83561,product,https://res.cloudinary.com/djejqfi6y/image/upload/v1603696601/product-4736_muskmelon__kundan-500x500_osrfdb.jpg,"Cadbury Dairy Milk Silk Chocolate Bar, 150 g",-,1PC,TRUE,160,160
5f9da187736122db93a83561,product,https://res.cloudinary.com/djejqfi6y/image/upload/v1603696601/product-4736_muskmelon__kundan-500x500_osrfdb.jpg,MunchNuts35.2g,-,1PC,TRUE,20,20
5f9da187736122db93a83561,product,https://res.cloudinary.com/djejqfi6y/image/upload/v1603696601/product-4736_muskmelon__kundan-500x500_osrfdb.jpg,"Cadbury Dairy Milk Silk Chocolate Bar, 60g",-,1PC,TRUE,70,70
5f9da187736122db93a83561,product,https://res.cloudinary.com/djejqfi6y/image/upload/v1603696601/product-4736_muskmelon__kundan-500x500_osrfdb.jpg,Tic Tac SMARTPHONE,-,1PC,TRUE,10,10
5f9da187736122db93a83561,product,https://res.cloudinary.com/djejqfi6y/image/upload/v1603696601/product-4736_muskmelon__kundan-500x500_osrfdb.jpg,JOLLY RANCHER LOLLI POP,-,1PC,TRUE,5,5
5f9da187736122db93a83561,product,https://res.cloudinary.com/djejqfi6y/image/upload/v1603696601/product-4736_muskmelon__kundan-500x500_osrfdb.jpg,Cadbury Silk Oreo  60G,-,1PC,TRUE,80,80
5f9da187736122db93a83561,product,https://res.cloudinary.com/djejqfi6y/image/upload/v1603696601/product-4736_muskmelon__kundan-500x500_osrfdb.jpg,Tic Tac MINT,-,1PC,TRUE,10,10
5f9da187736122db93a83561,product,https://res.cloudinary.com/djejqfi6y/image/upload/v1603696601/product-4736_muskmelon__kundan-500x500_osrfdb.jpg,"Cadbury Bournville Rich Cocoa Dark Chocolate Bar, 80 gm",-,1PC,TRUE,45,45
5f9da187736122db93a83561,product,https://res.cloudinary.com/djejqfi6y/image/upload/v1603696601/product-4736_muskmelon__kundan-500x500_osrfdb.jpg,"Cadbury Dairy Milk Silk Bubbly Chocolate bar, 120g ",-,1PC,TRUE,170,170
5f9da187736122db93a83561,product,https://res.cloudinary.com/djejqfi6y/image/upload/v1603696601/product-4736_muskmelon__kundan-500x500_osrfdb.jpg,"Cadbury Dairy Milk Silk Bubbly Chocolate bar, 50g ",-,1PC,TRUE,80,80
5f9da187736122db93a83561,product,https://res.cloudinary.com/djejqfi6y/image/upload/v1603696601/product-4736_muskmelon__kundan-500x500_osrfdb.jpg,"Cadbury Dairy Milk Crispello Chocolate Bar, 35 g",-,1PC,TRUE,30,30
5f9da187736122db93a83561,product,https://res.cloudinary.com/djejqfi6y/image/upload/v1603696601/product-4736_muskmelon__kundan-500x500_osrfdb.jpg,Cadbury Dark Milk RICH&CREAMY 72g,-,1PC,TRUE,99,99
5f9da187736122db93a83561,product,https://res.cloudinary.com/djejqfi6y/image/upload/v1603696601/product-4736_muskmelon__kundan-500x500_osrfdb.jpg,"Cadbury Dairy Milk Fruit & Nut, 36 g",-,1PC,TRUE,45,45
5f9da187736122db93a83561,product,https://res.cloudinary.com/djejqfi6y/image/upload/v1603696601/product-4736_muskmelon__kundan-500x500_osrfdb.jpg,"Cadbury Celebrations Premium Assorted Chocolate Gift Pack,",-,1PC,TRUE,100,100
5f9da187736122db93a83561,product,https://res.cloudinary.com/djejqfi6y/image/upload/v1603696601/product-4736_muskmelon__kundan-500x500_osrfdb.jpg,Cadbury fruit and nut 55g,-,1PC,TRUE,80,80
5f9da187736122db93a83561,product,https://res.cloudinary.com/djejqfi6y/image/upload/v1603696601/product-4736_muskmelon__kundan-500x500_osrfdb.jpg,Cadbury CRackle 36GM RS.45,-,1PC,TRUE,45,45
5f9da187736122db93a83561,product,https://res.cloudinary.com/djejqfi6y/image/upload/v1603696601/product-4736_muskmelon__kundan-500x500_osrfdb.jpg,Cadbury SILK HEART POP 150G,-,1PC,TRUE,160,160
5f9da187736122db93a83561,product,https://res.cloudinary.com/djejqfi6y/image/upload/v1603696601/product-4736_muskmelon__kundan-500x500_osrfdb.jpg,Cadbury CHOCLATE Rs.20,-,1PC,TRUE,20,20
5f9da187736122db93a83561,product,https://res.cloudinary.com/djejqfi6y/image/upload/v1603696601/product-4736_muskmelon__kundan-500x500_osrfdb.jpg,Cadbury roast almond 36g,-,1PC,TRUE,45,45
5f9da187736122db93a83561,product,https://res.cloudinary.com/djejqfi6y/image/upload/v1603696601/product-4736_muskmelon__kundan-500x500_osrfdb.jpg,5 star New Softer,-,1PC,TRUE,20,20
5f9da187736122db93a83561,product,https://res.cloudinary.com/djejqfi6y/image/upload/v1603696601/product-4736_muskmelon__kundan-500x500_osrfdb.jpg,5/-Chocolate,-,1PC,TRUE,5,5
5f9da187736122db93a83561,product,https://res.cloudinary.com/djejqfi6y/image/upload/v1603696601/product-4736_muskmelon__kundan-500x500_osrfdb.jpg,"Cadbury Bournville Raisin and Nuts Dark Chocolate Bar, 80g",-,1PC,TRUE,100,100
5f9da187736122db93a83561,product,https://res.cloudinary.com/djejqfi6y/image/upload/v1603696601/product-4736_muskmelon__kundan-500x500_osrfdb.jpg,Cadbury Silk Oreo 130g,-,1PC,TRUE,170,170
5f9da187736122db93a83561,product,https://res.cloudinary.com/djejqfi6y/image/upload/v1603696601/product-4736_muskmelon__kundan-500x500_osrfdb.jpg,MUNCH 10 RS,-,1PC,TRUE,10,10
5f9da187736122db93a83561,product,https://res.cloudinary.com/djejqfi6y/image/upload/v1603696601/product-4736_muskmelon__kundan-500x500_osrfdb.jpg,Cadbury thank you 50g,-,1PC,TRUE,40,40
5f9da187736122db93a83561,product,https://res.cloudinary.com/djejqfi6y/image/upload/v1603696601/product-4736_muskmelon__kundan-500x500_osrfdb.jpg,Hersheys Almond Bar 40gm,-,1PC,TRUE,60,60
5f9da187736122db93a83561,product,https://res.cloudinary.com/djejqfi6y/image/upload/v1603696601/product-4736_muskmelon__kundan-500x500_osrfdb.jpg,kitkat Rs.10,-,1PC,TRUE,10,10
5f9da187736122db93a83561,product,https://res.cloudinary.com/djejqfi6y/image/upload/v1603696601/product-4736_muskmelon__kundan-500x500_osrfdb.jpg,Herseys  Cookies N Cream 40GM,-,1PC,TRUE,60,60
5f9da187736122db93a83561,product,https://res.cloudinary.com/djejqfi6y/image/upload/v1603696601/product-4736_muskmelon__kundan-500x500_osrfdb.jpg,BOUNTY 57G 50RS,-,1PC,TRUE,50,50
5f9da187736122db93a83561,type,https://res.cloudinary.com/djejqfi6y/image/upload/v1603696601/product-4736_muskmelon__kundan-500x500_osrfdb.jpg,ITC Bounty  Miniatures Coconut filled choclates 100g,product_desctiption,1PC,Is veg,99,99
5f9da187736122db93a83561,product,https://res.cloudinary.com/djejqfi6y/image/upload/v1603696601/product-4736_muskmelon__kundan-500x500_osrfdb.jpg,Chocobakes Cakes 21G,-,1PC,TRUE,10,10
5f9da187736122db93a83561,product,https://res.cloudinary.com/djejqfi6y/image/upload/v1603696601/product-4736_muskmelon__kundan-500x500_osrfdb.jpg,Cadbury RoastAlmond 58g,-,1PC,TRUE,80,80
5f9da187736122db93a83561,product,https://res.cloudinary.com/djejqfi6y/image/upload/v1603696601/product-4736_muskmelon__kundan-500x500_osrfdb.jpg,Cadbury Dairy milk ROAST ALMOND 143g,-,1PC,TRUE,175,175
5f9da187736122db93a83561,product,https://res.cloudinary.com/djejqfi6y/image/upload/v1603696601/product-4736_muskmelon__kundan-500x500_osrfdb.jpg,nestle milky bar,-,1PC,TRUE,20,20
5f9da187736122db93a83561,product,https://res.cloudinary.com/djejqfi6y/image/upload/v1603696601/product-4736_muskmelon__kundan-500x500_osrfdb.jpg,Cadbury Silk Fruit and Nut  137G,-,1PC,TRUE,175,175
5f9da187736122db93a83561,product,https://res.cloudinary.com/djejqfi6y/image/upload/v1603696601/product-4736_muskmelon__kundan-500x500_osrfdb.jpg,Nestle Clasic 16g,-,1PC,TRUE,20,20
5f9da187736122db93a83561,product,https://res.cloudinary.com/djejqfi6y/image/upload/v1603696601/product-4736_muskmelon__kundan-500x500_osrfdb.jpg,5star mocha,-,1PC,TRUE,10,10
5f9da187736122db93a83561,product,https://res.cloudinary.com/djejqfi6y/image/upload/v1603696601/product-4736_muskmelon__kundan-500x500_osrfdb.jpg,SNICKERS ALMOND 22G,-,1PC,TRUE,25,25
5f9da187736122db93a83561,product,https://res.cloudinary.com/djejqfi6y/image/upload/v1603696601/product-4736_muskmelon__kundan-500x500_osrfdb.jpg,Snickers50g,-,1PC,TRUE,40,40
5f9da187736122db93a83561,product,https://res.cloudinary.com/djejqfi6y/image/upload/v1603696601/product-4736_muskmelon__kundan-500x500_osrfdb.jpg,Bounty Toffee,-,1PC,TRUE,25,25
5f9da187736122db93a83561,product,https://res.cloudinary.com/djejqfi6y/image/upload/v1603696601/product-4736_muskmelon__kundan-500x500_osrfdb.jpg,Jolly Rancher Trilple Pop 19g,-,1PC,TRUE,10,10
5f9da187736122db93a83561,product,https://res.cloudinary.com/djejqfi6y/image/upload/v1603696601/product-4736_muskmelon__kundan-500x500_osrfdb.jpg,Jolly Rancher Trilple Pop 19g,-,1PC,TRUE,10,10
5f9da187736122db93a83561,product,https://res.cloudinary.com/djejqfi6y/image/upload/v1603696601/product-4736_muskmelon__kundan-500x500_osrfdb.jpg,Hersheys CNC 100GM Baar,-,1PC,TRUE,130,130
5f9da187736122db93a83561,product,https://res.cloudinary.com/djejqfi6y/image/upload/v1603696601/product-4736_muskmelon__kundan-500x500_osrfdb.jpg,Herseys Almonds  Bar 100g,-,1PC,TRUE,140,140
5f9da187736122db93a83561,product,https://res.cloudinary.com/djejqfi6y/image/upload/v1603696601/product-4736_muskmelon__kundan-500x500_osrfdb.jpg,Cadbury Buttersctoch 36G Rs.45,-,1PC,TRUE,45,45
5f9da187736122db93a83561,product,https://res.cloudinary.com/djejqfi6y/image/upload/v1603696601/product-4736_muskmelon__kundan-500x500_osrfdb.jpg,Cadbury  36G Paan Jeer,-,1PC,TRUE,45,45
5f9da187736122db93a83561,product,https://res.cloudinary.com/djejqfi6y/image/upload/v1603696601/product-4736_muskmelon__kundan-500x500_osrfdb.jpg,Cadbury Bournville Cranberry 80G,-,1PC,TRUE,100,100
5f9da187736122db93a83561,product,https://res.cloudinary.com/djejqfi6y/image/upload/v1603696601/product-4736_muskmelon__kundan-500x500_osrfdb.jpg,Cadbury Perk26g,-,1PC,TRUE,10,10
5f9da187736122db93a83561,product,https://res.cloudinary.com/djejqfi6y/image/upload/v1603696601/product-4736_muskmelon__kundan-500x500_osrfdb.jpg,Kinder Creamy Milky 19g,-,1PC,TRUE,20,20
5f9da187736122db93a83561,product,https://res.cloudinary.com/djejqfi6y/image/upload/v1603696601/product-4736_muskmelon__kundan-500x500_osrfdb.jpg,Oreo Cadbury Dipped,-,1PC,TRUE,25,25
5f9da187736122db93a83561,product,https://res.cloudinary.com/djejqfi6y/image/upload/v1603696601/product-4736_muskmelon__kundan-500x500_osrfdb.jpg,Cadbury Dairy Milk Champions Pack 130g,-,1PC,TRUE,100,100
5f9da187736122db93a83561,product,https://res.cloudinary.com/djejqfi6y/image/upload/v1603696601/product-4736_muskmelon__kundan-500x500_osrfdb.jpg,"Cadbury Nutties Chocolate, 30 g",-,30g,TRUE,40,40
5f9da187736122db93a83561,product,https://res.cloudinary.com/djejqfi6y/image/upload/v1603696601/product-4736_muskmelon__kundan-500x500_osrfdb.jpg,Amul Raisin Chocolate,-,1PC,TRUE,200,200
5f9da187736122db93a83561,product,https://res.cloudinary.com/djejqfi6y/image/upload/v1603696601/product-4736_muskmelon__kundan-500x500_osrfdb.jpg,Amul Tanzania 125gr,-,125g,TRUE,150,150
5f9da187736122db93a83561,product,https://res.cloudinary.com/djejqfi6y/image/upload/v1603696601/product-4736_muskmelon__kundan-500x500_osrfdb.jpg,Hershey's Exotic Dark Premium choclates,-,1PC,TRUE,150,150
5f9da187736122db93a83561,product,https://res.cloudinary.com/djejqfi6y/image/upload/v1603696601/product-4736_muskmelon__kundan-500x500_osrfdb.jpg,Hi Volt Whey Protein Bar 50g,-,1PC,TRUE,125,125
5f9da187736122db93a83561,product,https://res.cloudinary.com/djejqfi6y/image/upload/v1603696601/product-4736_muskmelon__kundan-500x500_osrfdb.jpg,Cadbury Bournville 50% Dark,-,1PC,TRUE,100,100
5f9da187736122db93a83561,product,https://res.cloudinary.com/djejqfi6y/image/upload/v1603696601/product-4736_muskmelon__kundan-500x500_osrfdb.jpg,Cadbury dairymilk Hint o Mint,-,1PC,TRUE,45,45
5f9da187736122db93a83561,product,https://res.cloudinary.com/djejqfi6y/image/upload/v1603696601/product-4736_muskmelon__kundan-500x500_osrfdb.jpg,Cadbury Celebrations Premium Assorted Chocolate Gift Pack 158.9g,-,158.9g,TRUE,200,200
5f9da187736122db93a83561,product,https://res.cloudinary.com/djejqfi6y/image/upload/v1603696601/product-4736_muskmelon__kundan-500x500_osrfdb.jpg,Ragi Chikki Chikmil,-,1PC,TRUE,10,10
5f9da187736122db93a83561,product,https://res.cloudinary.com/djejqfi6y/image/upload/v1603696601/product-4736_muskmelon__kundan-500x500_osrfdb.jpg,Hershey'S Exotic Dark Pomogranate 100g,-,100g,TRUE,150,150
5f9da187736122db93a83561,product,https://res.cloudinary.com/djejqfi6y/image/upload/v1603696601/product-4736_muskmelon__kundan-500x500_osrfdb.jpg,Hershey'S Exotic dark Blueberry &ACAI 100g,-,100g,TRUE,150,150
5f9da187736122db93a83561,product,https://res.cloudinary.com/djejqfi6y/image/upload/v1603696601/product-4736_muskmelon__kundan-500x500_osrfdb.jpg,Hershey's Kisses Cookies 'n'creame 33.6g,-,33.6g,TRUE,50,50
5f9da187736122db93a83561,product,https://res.cloudinary.com/djejqfi6y/image/upload/v1603696601/product-4736_muskmelon__kundan-500x500_osrfdb.jpg,Hershey's Kisses Cookies 'n'creame 100.8g,-,100.8g,TRUE,140,140
5f9da187736122db93a83561,product,https://res.cloudinary.com/djejqfi6y/image/upload/v1603696601/product-4736_muskmelon__kundan-500x500_osrfdb.jpg,Hershey's Kisses Milk Choclates 36g,-,36g,TRUE,50,50
5f9da187736122db93a83561,product,https://res.cloudinary.com/djejqfi6y/image/upload/v1603696601/product-4736_muskmelon__kundan-500x500_osrfdb.jpg,Hershey's Kisses Milk Choclates 108g,-,108g,TRUE,140,140
5f9da187736122db93a83561,product,https://res.cloudinary.com/djejqfi6y/image/upload/v1603696601/product-4736_muskmelon__kundan-500x500_osrfdb.jpg,Hershey's Kisses Almond Choclates 100.8g,-,100.8g,TRUE,140,140
5f9da187736122db93a83561,product,https://res.cloudinary.com/djejqfi6y/image/upload/v1603696601/product-4736_muskmelon__kundan-500x500_osrfdb.jpg,"Nestle KitKat Dessert Delight Choco Pudding Wafer Coated with Milk Chocolate, 50 g",-,50g,TRUE,55,55
5f9da187736122db93a83561,product,https://res.cloudinary.com/djejqfi6y/image/upload/v1603696601/product-4736_muskmelon__kundan-500x500_osrfdb.jpg,"Nestle Kit Kat Dessert Delight Truffle, 50g",-,50g,TRUE,55,55
5f9da187736122db93a83561,product,https://res.cloudinary.com/djejqfi6y/image/upload/v1603696601/product-4736_muskmelon__kundan-500x500_osrfdb.jpg,kit kat 27.5g,-,27.5g,TRUE,20,20
5f9da187736122db93a83561,product,https://res.cloudinary.com/djejqfi6y/image/upload/v1603696601/product-4736_muskmelon__kundan-500x500_osrfdb.jpg,kit kat 18g,-,18g,TRUE,15,15
5f9da187736122db93a83561,product,https://res.cloudinary.com/djejqfi6y/image/upload/v1603696601/product-4736_muskmelon__kundan-500x500_osrfdb.jpg,"Cadbury Celebrations Premium Assorted Chocolate Gift Pack, 158.9 g",-,158.9g,TRUE,150,150
5f9da187736122db93a83561,type,https://res.cloudinary.com/djejqfi6y/image/upload/v1603696601/product-4736_muskmelon__kundan-500x500_osrfdb.jpg,"Cadbury Celebrations Premium Selections Gift Pack, 182g",product_desctiption,182g,Is veg,200,200
5f9da187736122db93a83561,product,https://res.cloudinary.com/djejqfi6y/image/upload/v1603696601/product-4736_muskmelon__kundan-500x500_osrfdb.jpg,"Kinder Joy - Boys, 20g Pack",-,20g,TRUE,40,40
5f9da187736122db93a83561,product,https://res.cloudinary.com/djejqfi6y/image/upload/v1603696601/product-4736_muskmelon__kundan-500x500_osrfdb.jpg,"Kinder Joy - Girls, 20g Pack",-,20g,TRUE,40,40
5f9da187736122db93a83561,product,https://res.cloudinary.com/djejqfi6y/image/upload/v1603696601/product-4736_muskmelon__kundan-500x500_osrfdb.jpg,Ferrero Rocher Truffles  (4 Units),-,1PC,TRUE,149,149
5f9da187736122db93a83561,product,https://res.cloudinary.com/djejqfi6y/image/upload/v1603696601/product-4736_muskmelon__kundan-500x500_osrfdb.jpg,Ferrero Rocher Moments,-,1PC,TRUE,349,349
5f9da187736122db93a83561,product,https://res.cloudinary.com/djejqfi6y/image/upload/v1603696601/product-4736_muskmelon__kundan-500x500_osrfdb.jpg,Ferrero Rocher 69.6g,-,69.6g,TRUE,175,175
5f9da187736122db93a83561,product,https://res.cloudinary.com/djejqfi6y/image/upload/v1603696601/product-4736_muskmelon__kundan-500x500_osrfdb.jpg,FERRERO ROCHER 200G,-,200g,TRUE,529,529
5f9da187736122db93a83561,product,https://res.cloudinary.com/djejqfi6y/image/upload/v1603696601/product-4736_muskmelon__kundan-500x500_osrfdb.jpg,Kinder Joy Girl  20g,-,200g,TRUE,40,40
5f9da187736122db93a83561,product,https://res.cloudinary.com/djejqfi6y/image/upload/v1603696601/product-4736_muskmelon__kundan-500x500_osrfdb.jpg,"Hershey's Kisses Moments Chocolate Gift Box, 129g",-,129g,TRUE,275,275
5f9da187736122db93a83561,product,https://res.cloudinary.com/djejqfi6y/image/upload/v1603696601/product-4736_muskmelon__kundan-500x500_osrfdb.jpg,Kinder Joy Boy  20g,-,20g,TRUE,45,45